Valjean, Marius
Valjean, Champmathieu
Valjean, Brevet
Valjean, Champmathieu
Valjean, Brevet
Valjean, Champmathieu
Valjean, Brevet
Valjean, Brevet
Valjean, Chenildieu
Valjean, Cochepaille
Valjean, Champmathieu
Valjean, Brevet
Valjean, Champmathieu
Valjean, Gervais
Valjean, Champmathieu
Valjean, Champmathieu
Valjean, Champmathieu
Valjean, Javert
Valjean, Chenildieu
Valjean, Champmathieu
Valjean, Cochepaille
Valjean, Gervais
Valjean, Champmathieu
Valjean, Champmathieu
Valjean, Fantine
Valjean, Javert
Valjean, Fantine
Valjean, Javert
Valjean, Fantine
Valjean, Javert
Valjean, Javert
Valjean, Javert
Valjean, Fantine
Valjean, Fantine
Valjean, Simplice
Valjean, Fantine
Valjean, Fantine
Valjean, Javert
Valjean, Simplice
Valjean, Cosette
Valjean, Cosette
Valjean, Cosette
Valjean, Cosette
Valjean, Cosette
Valjean, Cosette
Valjean, Cosette
Valjean, Cosette
Valjean, Cosette
Valjean, Cosette
Valjean, Cosette
Valjean, Cosette
Valjean, Cosette
Valjean, Cosette
Valjean, Javert
Valjean, Cosette
Valjean, Cosette
Valjean, Javert
Valjean, Javert
Valjean, Cosette
Valjean, Javert
Valjean, Javert
Valjean, Javert
Valjean, Cosette
Valjean, Cosette
Valjean, Cosette
Valjean, Cosette
Valjean, Cosette
Valjean, Cosette
Valjean, Cosette
Valjean, Cosette
Valjean, Cosette
Valjean, Cosette
Valjean, Fauchelevent
Valjean, Fauchelevent
Valjean, Fauchelevent
Valjean, Fauchelevent
Valjean, Javert
Valjean, Fantine
Valjean, Javert
Valjean, Javert
Valjean, Javert
Valjean, Javert
Valjean, Fantine
Valjean, Javert
Valjean, Fantine
Valjean, Javert
Valjean, Javert
Valjean, Javert
Valjean, Javert
Valjean, Javert
Valjean, Javert
Valjean, Javert
Valjean, Javert
Valjean, Javert
Valjean, Javert
Valjean, Javert
Valjean, Javert
Valjean, Javert
Valjean, Javert
Valjean, Javert
Valjean, Cosette
Valjean, Javert
Valjean, Javert
Valjean, Fauchelevent
Valjean, Cosette
Valjean, Fauchelevent
Valjean, Fauchelevent
Valjean, Javert
Valjean, Cosette
Valjean, Fauchelevent
Valjean, Cosette
Valjean, Fauchelevent
Valjean, Cosette
Valjean, Fauchelevent
Valjean, Cosette
Valjean, Fauchelevent
Valjean, Fauchelevent
Valjean, Fauchelevent
Valjean, Fauchelevent
Valjean, Fauchelevent
Valjean, Fauchelevent
Valjean, Fauchelevent
Valjean, Cosette
Valjean, Fauchelevent
Valjean, Fauchelevent
Valjean, Fauchelevent
Valjean, Fauchelevent
Valjean, Fauchelevent
Valjean, Fauchelevent
Valjean, Cosette
Valjean, Fauchelevent
Valjean, Fauchelevent
Valjean, Fauchelevent
Valjean, Gribier
Valjean, Cosette
Valjean, Cosette
Valjean, Javert
Valjean, Fauchelevent
Valjean, Cosette
Valjean, Cosette
Valjean, Cosette
Valjean, Toussaint
Valjean, Cosette
Valjean, Toussaint
Valjean, Fauchelevent
Valjean, Cosette
Valjean, Cosette
Valjean, Cosette
Valjean, Cosette
Valjean, Toussaint
Valjean, Cosette
Valjean, Toussaint
Valjean, Cosette
Valjean, Toussaint
Valjean, Cosette
Valjean, Cosette
Valjean, Cosette
Valjean, Fantine
Valjean, Cosette
Valjean, Cosette
Valjean, Cosette
Valjean, Cosette
Valjean, Marius
Valjean, Cosette
Valjean, Marius
Valjean, Marius
Valjean, Marius
Valjean, Cosette
Valjean, Marius
Valjean, Marius
Valjean, Cosette
Valjean, Cosette
Valjean, Marius
Valjean, Marius
Valjean, Cosette
Valjean, Marius
Valjean, Marius
Valjean, Cosette
Valjean, Cosette
Valjean, Cosette
Valjean, Marius
Valjean, Cosette
Valjean, Cosette
Valjean, Cosette
Valjean, Cosette
Valjean, Cosette
Valjean, Cosette
Valjean, Cosette
Valjean, Cosette
Valjean, Cosette
Valjean, Cosette
Valjean, Cosette
Valjean, Cosette
Valjean, Cosette
Valjean, Cosette
Valjean, Cosette
Valjean, Marius
Valjean, Marius
Valjean, Cosette
Valjean, Cosette
Valjean, Cosette
Valjean, Marius
Valjean, Marius
Valjean, Cosette
Valjean, Toussaint
Valjean, Mabeuf
Valjean, Cosette
Valjean, Cosette
Valjean, Cosette
Valjean, Toussaint
Valjean, Cosette
Valjean, Cosette
Valjean, Cosette
Valjean, Cosette
Valjean, Cosette
Valjean, Toussaint
Valjean, Toussaint
Valjean, Cosette
Valjean, Toussaint
Valjean, Cosette
Valjean, Marius
Valjean, Cosette
Valjean, Marius
Valjean, Marius
Valjean, Cosette
Valjean, Marius
Valjean, Cosette
Valjean, Cosette
Valjean, Cosette
Valjean, Cosette
Valjean, Cosette
Valjean, Cosette
Valjean, Toussaint
Valjean, Gavroche
Valjean, Gavroche
Valjean, Marius
Valjean, Marius
Valjean, Cosette
Valjean, Cosette
Valjean, Enjolras
Valjean, Javert
Valjean, Gavroche
Valjean, Enjolras
Valjean, Cosette
Valjean, Enjolras
Valjean, Bossuet
Valjean, Combeferre
Valjean, Hucheloup
Valjean, Javert
Valjean, Enjolras
Valjean, Javert
Valjean, Javert
Valjean, Javert
Valjean, Javert
Valjean, Javert
Valjean, Javert
Valjean, Javert
Valjean, Javert
Valjean, Javert
Valjean, Javert
Valjean, Javert
Valjean, Marius
Valjean, Marius
Valjean, Marius
Valjean, Marius
Valjean, Enjolras
Valjean, Marius
Valjean, Marius
Valjean, Marius
Valjean, Marius
Valjean, Marius
Valjean, Marius
Valjean, Marius
Valjean, Marius
Valjean, Marius
Valjean, Marius
Valjean, Marius
Valjean, Marius
Valjean, Marius
Valjean, Marius
Valjean, Marius
Valjean, Marius
Valjean, Marius
Valjean, Javert
Valjean, Javert
Valjean, Javert
Valjean, Javert
Valjean, Javert
Valjean, Javert
Valjean, Javert
Valjean, Marius
Valjean, Marius
Valjean, Javert
Valjean, Marius
Valjean, Javert
Valjean, Javert
Valjean, Marius
Valjean, Marius
Valjean, Marius
Valjean, Javert
Valjean, Javert
Valjean, Javert
Valjean, Marius
Valjean, Cosette
Valjean, Javert
Valjean, Javert
Valjean, Javert
Valjean, Javert
Valjean, Javert
Valjean, Javert
Valjean, Javert
Valjean, Javert
Valjean, Javert
Valjean, Javert
Valjean, Javert
Valjean, Javert
Valjean, Javert
Valjean, Fauchelevent
Valjean, Champmathieu
Valjean, Boulatruelle
Valjean, Boulatruelle
Valjean, Toussaint
Valjean, Javert
Valjean, Cosette
Valjean, Cosette
Valjean, Fauchelevent
Valjean, Fauchelevent
Valjean, Cosette
Valjean, Marius
Valjean, Cosette
Valjean, Marius
Valjean, Cosette
Valjean, Toussaint
Valjean, Cosette
Valjean, Marius
Valjean, Cosette
Valjean, Cosette
Valjean, Marius
Valjean, Cosette
Valjean, Cosette
Valjean, Marius
Valjean, Cosette
Valjean, Cosette
Valjean, Marius
Valjean, Cosette
Valjean, Cosette
Valjean, Cosette
Valjean, Toussaint
Valjean, Cosette
Valjean, Toussaint
Valjean, Toussaint
Valjean, Marius
Valjean, Cosette
Valjean, Cosette
Valjean, Cosette
Valjean, Pontmercy
Valjean, Cosette
Valjean, Fauchelevent
Valjean, Pontmercy
Valjean, Marius
Valjean, Marius
Valjean, Marius
Valjean, Marius
Valjean, Marius
Valjean, Marius
Valjean, Marius
Valjean, Marius
Valjean, Marius
Valjean, Marius
Valjean, Cosette
Valjean, Marius
Valjean, Marius
Valjean, Marius
Valjean, Fauchelevent
Valjean, Marius
Valjean, Cosette
Valjean, Cosette
Valjean, Marius
Valjean, Fauchelevent
Valjean, Marius
Valjean, Fauchelevent
Valjean, Marius
Valjean, Marius
Valjean, Marius
Valjean, Javert
Valjean, Javert
Valjean, Marius
Valjean, Cosette
Valjean, Marius
Valjean, Cosette
Valjean, Cosette
Valjean, Cosette
Valjean, Marius
Valjean, Marius
Valjean, Marius
Valjean, Marius
Valjean, Javert
Valjean, Cosette
Valjean, Cosette
Valjean, Toussaint
Valjean, Cosette
Valjean, Cosette
Valjean, Cosette
Valjean, Marius
Valjean, Marius
Valjean, Fauchelevent
Valjean, Toussaint
Valjean, Cosette
Valjean, Marius
Valjean, Marius
Valjean, Toussaint
Valjean, Marius
Valjean, Marius
Valjean, Cosette
Valjean, Marius
Valjean, Cosette
Valjean, Fauchelevent
Valjean, Cosette
Valjean, Cosette
Valjean, Cosette
Valjean, Marius
Valjean, Cosette
Valjean, Marius
Valjean, Cosette
Valjean, Gavroche
Valjean, Javert
Valjean, Javert
Valjean, Javert
Valjean, Marius
Valjean, Javert
Valjean, Javert
Valjean, Marius
Valjean, Cosette
Valjean, Cosette
Valjean, Marius
Valjean, Pontmercy
Valjean, Marius
Valjean, Cosette
Valjean, Marius
Valjean, Cosette
Valjean, Pontmercy
Valjean, Marius
Valjean, Cosette
Gavroche, Napoleon
Gavroche, Enjolras
Gavroche, Cosette
Gavroche, Toussaint
Gavroche, Enjolras
Gavroche, Mabeuf
Gavroche, Mabeuf
Gavroche, Montparnasse
Gavroche, Montparnasse
Gavroche, Montparnasse
Gavroche, Montparnasse
Gavroche, Montparnasse
Gavroche, Montparnasse
Gavroche, Montparnasse
Gavroche, Mabeuf
Gavroche, Mabeuf
Gavroche, Montparnasse
Gavroche, Montparnasse
Gavroche, Babet
Gavroche, Montparnasse
Gavroche, Montparnasse
Gavroche, Montparnasse
Gavroche, Montparnasse
Gavroche, Montparnasse
Gavroche, Montparnasse
Gavroche, Montparnasse
Gavroche, Montparnasse
Gavroche, Babet
Gavroche, Brujon
Gavroche, Montparnasse
Gavroche, Babet
Gavroche, Enjolras
Gavroche, Courfeyrac
Gavroche, Combeferre
Gavroche, Feuilly
Gavroche, Bahorel
Gavroche, Bahorel
Gavroche, Enjolras
Gavroche, Courfeyrac
Gavroche, Combeferre
Gavroche, Enjolras
Gavroche, Courfeyrac
Gavroche, Feuilly
Gavroche, Bahorel
Gavroche, Courfeyrac
Gavroche, Enjolras
Gavroche, Javert
Gavroche, Enjolras
Gavroche, Enjolras
Gavroche, Courfeyrac
Gavroche, Bossuet
Gavroche, Bahorel
Gavroche, Joly
Gavroche, Combeferre
Gavroche, Javert
Gavroche, Courfeyrac
Gavroche, Courfeyrac
Gavroche, Marius
Gavroche, Valjean
Gavroche, Valjean
Gavroche, Cosette
Gavroche, Marius
Gavroche, Marius
Gavroche, Cosette
Gavroche, Fauchelevent
Gavroche, Valjean
Gavroche, Enjolras
Gavroche, Marius
Gavroche, Marius
Gavroche, Combeferre
Gavroche, Combeferre
Gavroche, Marius
Gavroche, Mabeuf
Gavroche, Courfeyrac
Gavroche, Bossuet
Gavroche, Feuilly
Gavroche, Feuilly
Gavroche, Mabeuf
Gavroche, Eponine
Gavroche, Mabeuf
Gavroche, Enjolras
Gavroche, Courfeyrac
Gavroche, Eponine
Gavroche, Mabeuf
Gavroche, Combeferre
Gavroche, Prouvaire
Gavroche, Valjean
Gavroche, Cosette
Gavroche, Cosette
Marius, Bossuet
Marius, Mabeuf
Marius, Mabeuf
Marius, Cosette
Marius, Valjean
Marius, Mabeuf
Marius, Javert
Marius, Judge
Marius, Pontmercy
Marius, Pontmercy
Marius, Pontmercy
Marius, Mabeuf
Marius, Pontmercy
Marius, Mabeuf
Marius, Napoleon
Marius, Pontmercy
Marius, Pontmercy
Marius, Pontmercy
Marius, Pontmercy
Marius, Pontmercy
Marius, Pontmercy
Marius, Pontmercy
Marius, Pontmercy
Marius, Pontmercy
Marius, Pontmercy
Marius, Pontmercy
Marius, Bossuet
Marius, Courfeyrac
Marius, Courfeyrac
Marius, Courfeyrac
Marius, Courfeyrac
Marius, Courfeyrac
Marius, Bahorel
Marius, Combeferre
Marius, Enjolras
Marius, Courfeyrac
Marius, Enjolras
Marius, Enjolras
Marius, Enjolras
Marius, Enjolras
Marius, Combeferre
Marius, Courfeyrac
Marius, Courfeyrac
Marius, Courfeyrac
Marius, Courfeyrac
Marius, Pontmercy
Marius, Courfeyrac
Marius, Courfeyrac
Marius, Courfeyrac
Marius, Mabeuf
Marius, Mabeuf
Marius, Mabeuf
Marius, Mabeuf
Marius, Courfeyrac
Marius, Mabeuf
Marius, Courfeyrac
Marius, Courfeyrac
Marius, Leblanc
Marius, Leblanc
Marius, Courfeyrac
Marius, Leblanc
Marius, Courfeyrac
Marius, Courfeyrac
Marius, Courfeyrac
Marius, Leblanc
Marius, Leblanc
Marius, Leblanc
Marius, Courfeyrac
Marius, Bossuet
Marius, Grantaire
Marius, Leblanc
Marius, Pontmercy
Marius, Bossuet
Marius, Bossuet
Marius, Bossuet
Marius, Courfeyrac
Marius, Leblanc
Marius, Leblanc
Marius, Leblanc
Marius, Leblanc
Marius, Leblanc
Marius, Leblanc
Marius, Leblanc
Marius, Pontmercy
Marius, Pontmercy
Marius, Pontmercy
Marius, Leblanc
Marius, Leblanc
Marius, Javert
Marius, Javert
Marius, Courfeyrac
Marius, Courfeyrac
Marius, Courfeyrac
Marius, Courfeyrac
Marius, Courfeyrac
Marius, Javert
Marius, Mabeuf
Marius, Mabeuf
Marius, Pontmercy
Marius, Courfeyrac
Marius, Mabeuf
Marius, Courfeyrac
Marius, Mabeuf
Marius, Eponine
Marius, Cosette
Marius, Cosette
Marius, Cosette
Marius, Cosette
Marius, Cosette
Marius, Valjean
Marius, Cosette
Marius, Cosette
Marius, Cosette
Marius, Cosette
Marius, Cosette
Marius, Cosette
Marius, Valjean
Marius, Valjean
Marius, Valjean
Marius, Valjean
Marius, Valjean
Marius, Valjean
Marius, Cosette
Marius, Valjean
Marius, Cosette
Marius, Valjean
Marius, Valjean
Marius, Cosette
Marius, Valjean
Marius, Cosette
Marius, Cosette
Marius, Cosette
Marius, Cosette
Marius, Cosette
Marius, Cosette
Marius, Cosette
Marius, Cosette
Marius, Cosette
Marius, Cosette
Marius, Cosette
Marius, Cosette
Marius, Cosette
Marius, Cosette
Marius, Cosette
Marius, Cosette
Marius, Cosette
Marius, Pontmercy
Marius, Cosette
Marius, Pontmercy
Marius, Cosette
Marius, Cosette
Marius, Cosette
Marius, Cosette
Marius, Cosette
Marius, Cosette
Marius, Cosette
Marius, Valjean
Marius, Cosette
Marius, Cosette
Marius, Valjean
Marius, Cosette
Marius, Cosette
Marius, Cosette
Marius, Valjean
Marius, Cosette
Marius, Valjean
Marius, Cosette
Marius, Cosette
Marius, Cosette
Marius, Cosette
Marius, Courfeyrac
Marius, Courfeyrac
Marius, Courfeyrac
Marius, Cosette
Marius, Cosette
Marius, Cosette
Marius, Cosette
Marius, Cosette
Marius, Eponine
Marius, Eponine
Marius, Cosette
Marius, Cosette
Marius, Cosette
Marius, Cosette
Marius, Cosette
Marius, Cosette
Marius, Cosette
Marius, Fauchelevent
Marius, Cosette
Marius, Cosette
Marius, Eponine
Marius, Cosette
Marius, Cosette
Marius, Cosette
Marius, Cosette
Marius, Eponine
Marius, Courfeyrac
Marius, Mabeuf
Marius, Grantaire
Marius, Grantaire
Marius, Courfeyrac
Marius, Courfeyrac
Marius, Courfeyrac
Marius, Eponine
Marius, Eponine
Marius, Courfeyrac
Marius, Pontmercy
Marius, Cosette
Marius, Cosette
Marius, Toussaint
Marius, Courfeyrac
Marius, Courfeyrac
Marius, Courfeyrac
Marius, Cosette
Marius, Cosette
Marius, Pontmercy
Marius, Gavroche
Marius, Cosette
Marius, Valjean
Marius, Cosette
Marius, Valjean
Marius, Cosette
Marius, Valjean
Marius, Valjean
Marius, Cosette
Marius, Valjean
Marius, Valjean
Marius, Cosette
Marius, Enjolras
Marius, Enjolras
Marius, Enjolras
Marius, Combeferre
Marius, Fauchelevent
Marius, Fauchelevent
Marius, Fauchelevent
Marius, Fauchelevent
Marius, Gavroche
Marius, Gavroche
Marius, Cosette
Marius, Fauchelevent
Marius, Fauchelevent
Marius, Cosette
Marius, Gavroche
Marius, Combeferre
Marius, Combeferre
Marius, Gavroche
Marius, Combeferre
Marius, Gavroche
Marius, Courfeyrac
Marius, Pontmercy
Marius, Enjolras
Marius, Enjolras
Marius, Enjolras
Marius, Enjolras
Marius, Courfeyrac
Marius, Bossuet
Marius, Joly
Marius, Combeferre
Marius, Feuilly
Marius, Enjolras
Marius, Enjolras
Marius, Enjolras
Marius, Valjean
Marius, Valjean
Marius, Valjean
Marius, Valjean
Marius, Enjolras
Marius, Valjean
Marius, Valjean
Marius, Cosette
Marius, Valjean
Marius, Valjean
Marius, Valjean
Marius, Valjean
Marius, Valjean
Marius, Pontmercy
Marius, Valjean
Marius, Valjean
Marius, Valjean
Marius, Valjean
Marius, Valjean
Marius, Cosette
Marius, Valjean
Marius, Valjean
Marius, Valjean
Marius, Valjean
Marius, Valjean
Marius, Valjean
Marius, Javert
Marius, Valjean
Marius, Javert
Marius, Javert
Marius, Javert
Marius, Valjean
Marius, Javert
Marius, Valjean
Marius, Valjean
Marius, Valjean
Marius, Valjean
Marius, Cosette
Marius, Cosette
Marius, Cosette
Marius, Pontmercy
Marius, Cosette
Marius, Cosette
Marius, Cosette
Marius, Cosette
Marius, Fauchelevent
Marius, Fauchelevent
Marius, Pontmercy
Marius, Cosette
Marius, Cosette
Marius, Cosette
Marius, Cosette
Marius, Cosette
Marius, Cosette
Marius, Cosette
Marius, Cosette
Marius, Cosette
Marius, Fauchelevent
Marius, Cosette
Marius, Cosette
Marius, Fauchelevent
Marius, Fauchelevent
Marius, Fauchelevent
Marius, Fauchelevent
Marius, Fauchelevent
Marius, Fauchelevent
Marius, Fauchelevent
Marius, Pontmercy
Marius, Valjean
Marius, Cosette
Marius, Cosette
Marius, Valjean
Marius, Valjean
Marius, Cosette
Marius, Cosette
Marius, Cosette
Marius, Valjean
Marius, Cosette
Marius, Cosette
Marius, Cosette
Marius, Cosette
Marius, Cosette
Marius, Cosette
Marius, Cosette
Marius, Cosette
Marius, Cosette
Marius, Cosette
Marius, Cosette
Marius, Cosette
Marius, Valjean
Marius, Cosette
Marius, Valjean
Marius, Cosette
Marius, Cosette
Marius, Cosette
Marius, Cosette
Marius, Cosette
Marius, Cosette
Marius, Cosette
Marius, Cosette
Marius, Cosette
Marius, Valjean
Marius, Cosette
Marius, Cosette
Marius, Cosette
Marius, Pontmercy
Marius, Cosette
Marius, Pontmercy
Marius, Fauchelevent
Marius, Fauchelevent
Marius, Fauchelevent
Marius, Valjean
Marius, Valjean
Marius, Valjean
Marius, Valjean
Marius, Valjean
Marius, Valjean
Marius, Valjean
Marius, Valjean
Marius, Valjean
Marius, Cosette
Marius, Cosette
Marius, Valjean
Marius, Cosette
Marius, Cosette
Marius, Valjean
Marius, Valjean
Marius, Cosette
Marius, Valjean
Marius, Cosette
Marius, Valjean
Marius, Cosette
Marius, Cosette
Marius, Valjean
Marius, Fauchelevent
Marius, Valjean
Marius, Fauchelevent
Marius, Valjean
Marius, Valjean
Marius, Valjean
Marius, Javert
Marius, Valjean
Marius, Cosette
Marius, Valjean
Marius, Valjean
Marius, Cosette
Marius, Valjean
Marius, Valjean
Marius, Valjean
Marius, Cosette
Marius, Cosette
Marius, Cosette
Marius, Cosette
Marius, Valjean
Marius, Valjean
Marius, Cosette
Marius, Cosette
Marius, Cosette
Marius, Valjean
Marius, Valjean
Marius, Valjean
Marius, Cosette
Marius, Valjean
Marius, Cosette
Marius, Valjean
Marius, Fauchelevent
Marius, Valjean
Marius, Cosette
Marius, Cosette
Marius, Cosette
Marius, Cosette
Marius, Cosette
Marius, Cosette
Marius, Valjean
Marius, Cosette
Marius, Cosette
Marius, Pontmercy
Marius, Valjean
Marius, Azelma
Marius, Cosette
Marius, Valjean
Marius, Cosette
Marius, Cosette
Marius, Valjean
Marius, Cosette
Marius, Valjean
Marius, Cosette
Marius, Cosette
Marius, Cosette
Marius, Valjean
Marius, Cosette
Marius, Cosette
Marius, Cosette
Marius, Valjean
Marius, Cosette
Marius, Cosette
Javert, Fantine
Javert, Marius
Javert, Fantine
Javert, Fantine
Javert, Fantine
Javert, Fantine
Javert, Fantine
Javert, Fantine
Javert, Fauchelevent
Javert, Champmathieu
Javert, Champmathieu
Javert, Brevet
Javert, Chenildieu
Javert, Cochepaille
Javert, Champmathieu
Javert, Brevet
Javert, Chenildieu
Javert, Valjean
Javert, Brevet
Javert, Chenildieu
Javert, Cochepaille
Javert, Brevet
Javert, Chenildieu
Javert, Cochepaille
Javert, Fantine
Javert, Fantine
Javert, Fantine
Javert, Valjean
Javert, Valjean
Javert, Valjean
Javert, Valjean
Javert, Valjean
Javert, Fantine
Javert, Valjean
Javert, Simplice
Javert, Fantine
Javert, Valjean
Javert, Valjean
Javert, Valjean
Javert, Valjean
Javert, Valjean
Javert, Valjean
Javert, Cosette
Javert, Valjean
Javert, Fantine
Javert, Valjean
Javert, Valjean
Javert, Valjean
Javert, Valjean
Javert, Fantine
Javert, Valjean
Javert, Fantine
Javert, Valjean
Javert, Valjean
Javert, Valjean
Javert, Valjean
Javert, Valjean
Javert, Valjean
Javert, Valjean
Javert, Valjean
Javert, Valjean
Javert, Valjean
Javert, Valjean
Javert, Valjean
Javert, Valjean
Javert, Valjean
Javert, Valjean
Javert, Valjean
Javert, Valjean
Javert, Valjean
Javert, Cosette
Javert, Valjean
Javert, Marius
Javert, Marius
Javert, Montparnasse
Javert, Eponine
Javert, Eponine
Javert, Azelma
Javert, Claquesous
Javert, Marius
Javert, Enjolras
Javert, Gavroche
Javert, Courfeyrac
Javert, Bossuet
Javert, Joly
Javert, Combeferre
Javert, Mabeuf
Javert, Mabeuf
Javert, Enjolras
Javert, Gavroche
Javert, Enjolras
Javert, Mabeuf
Javert, Mabeuf
Javert, Enjolras
Javert, Enjolras
Javert, Valjean
Javert, Valjean
Javert, Enjolras
Javert, Valjean
Javert, Valjean
Javert, Valjean
Javert, Valjean
Javert, Valjean
Javert, Valjean
Javert, Valjean
Javert, Valjean
Javert, Valjean
Javert, Valjean
Javert, Valjean
Javert, Valjean
Javert, Valjean
Javert, Valjean
Javert, Valjean
Javert, Valjean
Javert, Valjean
Javert, Valjean
Javert, Valjean
Javert, Marius
Javert, Marius
Javert, Marius
Javert, Marius
Javert, Valjean
Javert, Marius
Javert, Valjean
Javert, Valjean
Javert, Valjean
Javert, Valjean
Javert, Valjean
Javert, Valjean
Javert, Valjean
Javert, Valjean
Javert, Valjean
Javert, Napoleon
Javert, Valjean
Javert, Valjean
Javert, Valjean
Javert, Valjean
Javert, Valjean
Javert, Valjean
Javert, Valjean
Javert, Valjean
Javert, Valjean
Javert, Valjean
Javert, Marius
Javert, Valjean
Javert, Valjean
Javert, Valjean
Javert, Valjean
Javert, Valjean
Javert, Valjean
Javert, Valjean
Fantine, Javert
Fantine, Tholomyes
Fantine, Fameuil
Fantine, Zephine
Fantine, Favourite
Fantine, Dahlia
Fantine, Zephine
Fantine, Favourite
Fantine, Dahlia
Fantine, Zephine
Fantine, Tholomyes
Fantine, Favourite
Fantine, Dahlia
Fantine, Zephine
Fantine, Listolier
Fantine, Fameuil
Fantine, Tholomyes
Fantine, Listolier
Fantine, Fameuil
Fantine, Dahlia
Fantine, Zephine
Fantine, Dahlia
Fantine, Tholomyes
Fantine, Marguerite
Fantine, Favourite
Fantine, Dahlia
Fantine, Zephine
Fantine, Tholomyes
Fantine, Tholomyes
Fantine, Marguerite
Fantine, Marguerite
Fantine, Marguerite
Fantine, Marguerite
Fantine, Javert
Fantine, Javert
Fantine, Javert
Fantine, Cosette
Fantine, Cosette
Fantine, Javert
Fantine, Javert
Fantine, Javert
Fantine, Simplice
Fantine, Simplice
Fantine, Cosette
Fantine, Cosette
Fantine, Javert
Fantine, Javert
Fantine, Valjean
Fantine, Javert
Fantine, Valjean
Fantine, Valjean
Fantine, Valjean
Fantine, Javert
Fantine, Valjean
Fantine, Valjean
Fantine, Valjean
Fantine, Simplice
Fantine, Perpetue
Fantine, Javert
Fantine, Valjean
Fantine, Javert
Fantine, Cosette
Fantine, Valjean
Fantine, Javert
Fantine, Valjean
Fantine, Javert
Fantine, Valjean
Fantine, Cosette
Fantine, Cosette
Fantine, Cosette
Fantine, Cosette
Fantine, Cosette
Enjolras, Gavroche
Enjolras, Gavroche
Enjolras, Courfeyrac
Enjolras, Bahorel
Enjolras, Combeferre
Enjolras, Feuilly
Enjolras, Prouvaire
Enjolras, Combeferre
Enjolras, Combeferre
Enjolras, Combeferre
Enjolras, Combeferre
Enjolras, Combeferre
Enjolras, Combeferre
Enjolras, Combeferre
Enjolras, Combeferre
Enjolras, Combeferre
Enjolras, Combeferre
Enjolras, Combeferre
Enjolras, Courfeyrac
Enjolras, Combeferre
Enjolras, Grantaire
Enjolras, Grantaire
Enjolras, Grantaire
Enjolras, Grantaire
Enjolras, Grantaire
Enjolras, Grantaire
Enjolras, Grantaire
Enjolras, Grantaire
Enjolras, Marius
Enjolras, Courfeyrac
Enjolras, Courfeyrac
Enjolras, Prouvaire
Enjolras, Napoleon
Enjolras, Marius
Enjolras, Combeferre
Enjolras, Marius
Enjolras, Marius
Enjolras, Marius
Enjolras, Courfeyrac
Enjolras, Combeferre
Enjolras, Feuilly
Enjolras, Gavroche
Enjolras, Courfeyrac
Enjolras, Bahorel
Enjolras, Combeferre
Enjolras, Feuilly
Enjolras, Prouvaire
Enjolras, Bahorel
Enjolras, Combeferre
Enjolras, Prouvaire
Enjolras, Bahorel
Enjolras, Bahorel
Enjolras, Courfeyrac
Enjolras, Combeferre
Enjolras, Gavroche
Enjolras, Courfeyrac
Enjolras, Combeferre
Enjolras, Grantaire
Enjolras, Bossuet
Enjolras, Joly
Enjolras, Grantaire
Enjolras, Bossuet
Enjolras, Grantaire
Enjolras, Gavroche
Enjolras, Courfeyrac
Enjolras, Feuilly
Enjolras, Feuilly
Enjolras, Hucheloup
Enjolras, Courfeyrac
Enjolras, Combeferre
Enjolras, Courfeyrac
Enjolras, Combeferre
Enjolras, Courfeyrac
Enjolras, Courfeyrac
Enjolras, Courfeyrac
Enjolras, Courfeyrac
Enjolras, Combeferre
Enjolras, Feuilly
Enjolras, Prouvaire
Enjolras, Gavroche
Enjolras, Javert
Enjolras, Courfeyrac
Enjolras, Combeferre
Enjolras, Combeferre
Enjolras, Gavroche
Enjolras, Gavroche
Enjolras, Courfeyrac
Enjolras, Bossuet
Enjolras, Bahorel
Enjolras, Joly
Enjolras, Combeferre
Enjolras, Courfeyrac
Enjolras, Javert
Enjolras, Courfeyrac
Enjolras, Bossuet
Enjolras, Bahorel
Enjolras, Joly
Enjolras, Combeferre
Enjolras, Prouvaire
Enjolras, Courfeyrac
Enjolras, Combeferre
Enjolras, Prouvaire
Enjolras, Combeferre
Enjolras, Prouvaire
Enjolras, Combeferre
Enjolras, Javert
Enjolras, Marius
Enjolras, Combeferre
Enjolras, Hucheloup
Enjolras, Grantaire
Enjolras, Bahorel
Enjolras, Mabeuf
Enjolras, Prouvaire
Enjolras, Combeferre
Enjolras, Combeferre
Enjolras, Combeferre
Enjolras, Combeferre
Enjolras, Marius
Enjolras, Marius
Enjolras, Combeferre
Enjolras, Valjean
Enjolras, Javert
Enjolras, Javert
Enjolras, Bossuet
Enjolras, Gavroche
Enjolras, Combeferre
Enjolras, Valjean
Enjolras, Valjean
Enjolras, Courfeyrac
Enjolras, Bossuet
Enjolras, Bossuet
Enjolras, Bossuet
Enjolras, Combeferre
Enjolras, Mabeuf
Enjolras, Valjean
Enjolras, Javert
Enjolras, Marius
Enjolras, Marius
Enjolras, Marius
Enjolras, Marius
Enjolras, Marius
Enjolras, Marius
Enjolras, Marius
Enjolras, Grantaire
Enjolras, Valjean
Enjolras, Marius
Enjolras, Gavroche
Enjolras, Courfeyrac
Enjolras, Bossuet
Enjolras, Eponine
Enjolras, Combeferre
Enjolras, Grantaire
Enjolras, Prouvaire
Courfeyrac, Enjolras
Courfeyrac, Bahorel
Courfeyrac, Joly
Courfeyrac, Combeferre
Courfeyrac, Feuilly
Courfeyrac, Grantaire
Courfeyrac, Prouvaire
Courfeyrac, Tholomyes
Courfeyrac, Tholomyes
Courfeyrac, Tholomyes
Courfeyrac, Tholomyes
Courfeyrac, Tholomyes
Courfeyrac, Enjolras
Courfeyrac, Combeferre
Courfeyrac, Bossuet
Courfeyrac, Marius
Courfeyrac, Marius
Courfeyrac, Marius
Courfeyrac, Marius
Courfeyrac, Marius
Courfeyrac, Marius
Courfeyrac, Enjolras
Courfeyrac, Enjolras
Courfeyrac, Combeferre
Courfeyrac, Bossuet
Courfeyrac, Bahorel
Courfeyrac, Combeferre
Courfeyrac, Grantaire
Courfeyrac, Prouvaire
Courfeyrac, Marius
Courfeyrac, Marius
Courfeyrac, Marius
Courfeyrac, Marius
Courfeyrac, Marius
Courfeyrac, Marius
Courfeyrac, Marius
Courfeyrac, Mabeuf
Courfeyrac, Marius
Courfeyrac, Mabeuf
Courfeyrac, Marius
Courfeyrac, Marius
Courfeyrac, Marius
Courfeyrac, Burgon
Courfeyrac, Marius
Courfeyrac, Marius
Courfeyrac, Prouvaire
Courfeyrac, Marius
Courfeyrac, Marius
Courfeyrac, Bossuet
Courfeyrac, Grantaire
Courfeyrac, Bossuet
Courfeyrac, Bossuet
Courfeyrac, Bossuet
Courfeyrac, Marius
Courfeyrac, Leblanc
Courfeyrac, Bossuet
Courfeyrac, Bahorel
Courfeyrac, Joly
Courfeyrac, Combeferre
Courfeyrac, Feuilly
Courfeyrac, Prouvaire
Courfeyrac, Marius
Courfeyrac, Marius
Courfeyrac, Marius
Courfeyrac, Marius
Courfeyrac, Marius
Courfeyrac, Marius
Courfeyrac, Marius
Courfeyrac, Bahorel
Courfeyrac, Bahorel
Courfeyrac, Marius
Courfeyrac, Marius
Courfeyrac, Marius
Courfeyrac, Cosette
Courfeyrac, Enjolras
Courfeyrac, Combeferre
Courfeyrac, Feuilly
Courfeyrac, Gavroche
Courfeyrac, Enjolras
Courfeyrac, Bahorel
Courfeyrac, Combeferre
Courfeyrac, Feuilly
Courfeyrac, Prouvaire
Courfeyrac, Bahorel
Courfeyrac, Feuilly
Courfeyrac, Prouvaire
Courfeyrac, Enjolras
Courfeyrac, Combeferre
Courfeyrac, Marius
Courfeyrac, Mabeuf
Courfeyrac, Gavroche
Courfeyrac, Enjolras
Courfeyrac, Combeferre
Courfeyrac, Grantaire
Courfeyrac, Bossuet
Courfeyrac, Gavroche
Courfeyrac, Enjolras
Courfeyrac, Bahorel
Courfeyrac, Combeferre
Courfeyrac, Feuilly
Courfeyrac, Prouvaire
Courfeyrac, Bossuet
Courfeyrac, Bossuet
Courfeyrac, Bossuet
Courfeyrac, Enjolras
Courfeyrac, Combeferre
Courfeyrac, Enjolras
Courfeyrac, Combeferre
Courfeyrac, Gavroche
Courfeyrac, Marius
Courfeyrac, Enjolras
Courfeyrac, Enjolras
Courfeyrac, Enjolras
Courfeyrac, Enjolras
Courfeyrac, Bossuet
Courfeyrac, Bahorel
Courfeyrac, Joly
Courfeyrac, Combeferre
Courfeyrac, Feuilly
Courfeyrac, Prouvaire
Courfeyrac, Javert
Courfeyrac, Bossuet
Courfeyrac, Joly
Courfeyrac, Combeferre
Courfeyrac, Enjolras
Courfeyrac, Combeferre
Courfeyrac, Marius
Courfeyrac, Gavroche
Courfeyrac, Enjolras
Courfeyrac, Bossuet
Courfeyrac, Bahorel
Courfeyrac, Joly
Courfeyrac, Combeferre
Courfeyrac, Enjolras
Courfeyrac, Enjolras
Courfeyrac, Bossuet
Courfeyrac, Bahorel
Courfeyrac, Joly
Courfeyrac, Combeferre
Courfeyrac, Prouvaire
Courfeyrac, Gavroche
Courfeyrac, Bahorel
Courfeyrac, Bahorel
Courfeyrac, Mabeuf
Courfeyrac, Gavroche
Courfeyrac, Enjolras
Courfeyrac, Combeferre
Courfeyrac, Prouvaire
Courfeyrac, Marius
Courfeyrac, Marius
Courfeyrac, Pontmercy
Courfeyrac, Marius
Courfeyrac, Marius
Courfeyrac, Marius
Courfeyrac, Feuilly
Courfeyrac, Enjolras
Courfeyrac, Bossuet
Courfeyrac, Bossuet
Courfeyrac, Marius
Courfeyrac, Gavroche
Courfeyrac, Bossuet
Courfeyrac, Feuilly
Courfeyrac, Bossuet
Courfeyrac, Combeferre
Courfeyrac, Feuilly
Courfeyrac, Marius
Courfeyrac, Bossuet
Courfeyrac, Joly
Courfeyrac, Combeferre
Courfeyrac, Feuilly
Courfeyrac, Gavroche
Courfeyrac, Enjolras
Courfeyrac, Bossuet
Courfeyrac, Eponine
Courfeyrac, Combeferre
Courfeyrac, Grantaire
Courfeyrac, Prouvaire
Bossuet, Marius
Bossuet, Bahorel
Bossuet, Bahorel
Bossuet, Joly
Bossuet, Joly
Bossuet, Courfeyrac
Bossuet, Marius
Bossuet, Grantaire
Bossuet, Courfeyrac
Bossuet, Bahorel
Bossuet, Combeferre
Bossuet, Grantaire
Bossuet, Prouvaire
Bossuet, Combeferre
Bossuet, Bahorel
Bossuet, Marius
Bossuet, Courfeyrac
Bossuet, Grantaire
Bossuet, Courfeyrac
Bossuet, Courfeyrac
Bossuet, Marius
Bossuet, Marius
Bossuet, Marius
Bossuet, Courfeyrac
Bossuet, Joly
Bossuet, Courfeyrac
Bossuet, Bahorel
Bossuet, Joly
Bossuet, Feuilly
Bossuet, Prouvaire
Bossuet, Courfeyrac
Bossuet, Hucheloup
Bossuet, Enjolras
Bossuet, Enjolras
Bossuet, Joly
Bossuet, Grantaire
Bossuet, Joly
Bossuet, Grantaire
Bossuet, Joly
Bossuet, Joly
Bossuet, Grantaire
Bossuet, Grantaire
Bossuet, Joly
Bossuet, Grantaire
Bossuet, Grantaire
Bossuet, Courfeyrac
Bossuet, Courfeyrac
Bossuet, Courfeyrac
Bossuet, Courfeyrac
Bossuet, Bahorel
Bossuet, Joly
Bossuet, Combeferre
Bossuet, Feuilly
Bossuet, Prouvaire
Bossuet, Javert
Bossuet, Courfeyrac
Bossuet, Joly
Bossuet, Combeferre
Bossuet, Gavroche
Bossuet, Enjolras
Bossuet, Courfeyrac
Bossuet, Bahorel
Bossuet, Joly
Bossuet, Combeferre
Bossuet, Enjolras
Bossuet, Courfeyrac
Bossuet, Bahorel
Bossuet, Joly
Bossuet, Combeferre
Bossuet, Prouvaire
Bossuet, Grantaire
Bossuet, Hucheloup
Bossuet, Enjolras
Bossuet, Valjean
Bossuet, Combeferre
Bossuet, Courfeyrac
Bossuet, Enjolras
Bossuet, Enjolras
Bossuet, Courfeyrac
Bossuet, Enjolras
Bossuet, Combeferre
Bossuet, Feuilly
Bossuet, Gavroche
Bossuet, Courfeyrac
Bossuet, Feuilly
Bossuet, Feuilly
Bossuet, Courfeyrac
Bossuet, Combeferre
Bossuet, Feuilly
Bossuet, Marius
Bossuet, Courfeyrac
Bossuet, Joly
Bossuet, Combeferre
Bossuet, Feuilly
Bossuet, Enjolras
Bossuet, Courfeyrac
Bossuet, Eponine
Bossuet, Combeferre
Bossuet, Grantaire
Bossuet, Prouvaire
Bahorel, Enjolras
Bahorel, Courfeyrac
Bahorel, Joly
Bahorel, Combeferre
Bahorel, Feuilly
Bahorel, Grantaire
Bahorel, Prouvaire
Bahorel, Bossuet
Bahorel, Bossuet
Bahorel, Marius
Bahorel, Combeferre
Bahorel, Joly
Bahorel, Grantaire
Bahorel, Courfeyrac
Bahorel, Bossuet
Bahorel, Combeferre
Bahorel, Grantaire
Bahorel, Prouvaire
Bahorel, Bossuet
Bahorel, Prouvaire
Bahorel, Courfeyrac
Bahorel, Bossuet
Bahorel, Joly
Bahorel, Feuilly
Bahorel, Prouvaire
Bahorel, Courfeyrac
Bahorel, Courfeyrac
Bahorel, Enjolras
Bahorel, Enjolras
Bahorel, Courfeyrac
Bahorel, Combeferre
Bahorel, Combeferre
Bahorel, Feuilly
Bahorel, Prouvaire
Bahorel, Courfeyrac
Bahorel, Feuilly
Bahorel, Prouvaire
Bahorel, Feuilly
Bahorel, Gavroche
Bahorel, Gavroche
Bahorel, Enjolras
Bahorel, Enjolras
Bahorel, Courfeyrac
Bahorel, Combeferre
Bahorel, Feuilly
Bahorel, Prouvaire
Bahorel, Gavroche
Bahorel, Courfeyrac
Bahorel, Bossuet
Bahorel, Joly
Bahorel, Combeferre
Bahorel, Feuilly
Bahorel, Prouvaire
Bahorel, Gavroche
Bahorel, Enjolras
Bahorel, Courfeyrac
Bahorel, Bossuet
Bahorel, Joly
Bahorel, Combeferre
Bahorel, Enjolras
Bahorel, Courfeyrac
Bahorel, Bossuet
Bahorel, Joly
Bahorel, Combeferre
Bahorel, Prouvaire
Bahorel, Courfeyrac
Bahorel, Courfeyrac
Bahorel, Mabeuf
Bahorel, Enjolras
Bahorel, Mabeuf
Bahorel, Combeferre
Bahorel, Prouvaire
Joly, Courfeyrac
Joly, Bahorel
Joly, Combeferre
Joly, Feuilly
Joly, Grantaire
Joly, Prouvaire
Joly, Bossuet
Joly, Bossuet
Joly, Bahorel
Joly, Grantaire
Joly, Bossuet
Joly, Courfeyrac
Joly, Bossuet
Joly, Bahorel
Joly, Feuilly
Joly, Prouvaire
Joly, Grantaire
Joly, Grantaire
Joly, Enjolras
Joly, Bossuet
Joly, Grantaire
Joly, Bossuet
Joly, Grantaire
Joly, Bossuet
Joly, Grantaire
Joly, Grantaire
Joly, Bossuet
Joly, Grantaire
Joly, Grantaire
Joly, Bossuet
Joly, Grantaire
Joly, Grantaire
Joly, Grantaire
Joly, Hucheloup
Joly, Courfeyrac
Joly, Bossuet
Joly, Bahorel
Joly, Combeferre
Joly, Feuilly
Joly, Prouvaire
Joly, Javert
Joly, Courfeyrac
Joly, Bossuet
Joly, Combeferre
Joly, Gavroche
Joly, Enjolras
Joly, Courfeyrac
Joly, Bossuet
Joly, Bahorel
Joly, Combeferre
Joly, Enjolras
Joly, Courfeyrac
Joly, Bossuet
Joly, Bahorel
Joly, Combeferre
Joly, Prouvaire
Joly, Hucheloup
Joly, Marius
Joly, Courfeyrac
Joly, Bossuet
Joly, Combeferre
Joly, Feuilly
Cosette, Boulatruelle
Cosette, Toussaint
Cosette, Marius
Cosette, Gavroche
Cosette, Toussaint
Cosette, Eponine
Cosette, Azelma
Cosette, Fantine
Cosette, Fantine
Cosette, Eponine
Cosette, Azelma
Cosette, Fantine
Cosette, Fantine
Cosette, Eponine
Cosette, Azelma
Cosette, Eponine
Cosette, Azelma
Cosette, Eponine
Cosette, Azelma
Cosette, Eponine
Cosette, Azelma
Cosette, Napoleon
Cosette, Valjean
Cosette, Valjean
Cosette, Valjean
Cosette, Valjean
Cosette, Valjean
Cosette, Valjean
Cosette, Valjean
Cosette, Valjean
Cosette, Valjean
Cosette, Valjean
Cosette, Valjean
Cosette, Valjean
Cosette, Valjean
Cosette, Valjean
Cosette, Valjean
Cosette, Valjean
Cosette, Valjean
Cosette, Valjean
Cosette, Valjean
Cosette, Valjean
Cosette, Javert
Cosette, Valjean
Cosette, Valjean
Cosette, Valjean
Cosette, Valjean
Cosette, Valjean
Cosette, Valjean
Cosette, Valjean
Cosette, Fantine
Cosette, Valjean
Cosette, Valjean
Cosette, Fauchelevent
Cosette, Valjean
Cosette, Javert
Cosette, Fauchelevent
Cosette, Valjean
Cosette, Valjean
Cosette, Valjean
Cosette, Fauchelevent
Cosette, Valjean
Cosette, Valjean
Cosette, Fauchelevent
Cosette, Fauchelevent
Cosette, Fauchelevent
Cosette, Valjean
Cosette, Valjean
Cosette, Valjean
Cosette, Valjean
Cosette, Valjean
Cosette, Valjean
Cosette, Toussaint
Cosette, Valjean
Cosette, Valjean
Cosette, Valjean
Cosette, Valjean
Cosette, Valjean
Cosette, Toussaint
Cosette, Valjean
Cosette, Toussaint
Cosette, Valjean
Cosette, Valjean
Cosette, Valjean
Cosette, Valjean
Cosette, Fantine
Cosette, Fantine
Cosette, Fantine
Cosette, Valjean
Cosette, Valjean
Cosette, Toussaint
Cosette, Toussaint
Cosette, Toussaint
Cosette, Toussaint
Cosette, Valjean
Cosette, Marius
Cosette, Marius
Cosette, Marius
Cosette, Marius
Cosette, Marius
Cosette, Valjean
Cosette, Marius
Cosette, Marius
Cosette, Marius
Cosette, Marius
Cosette, Marius
Cosette, Marius
Cosette, Valjean
Cosette, Valjean
Cosette, Valjean
Cosette, Marius
Cosette, Valjean
Cosette, Marius
Cosette, Valjean
Cosette, Valjean
Cosette, Valjean
Cosette, Marius
Cosette, Valjean
Cosette, Marius
Cosette, Valjean
Cosette, Valjean
Cosette, Valjean
Cosette, Valjean
Cosette, Valjean
Cosette, Valjean
Cosette, Valjean
Cosette, Valjean
Cosette, Valjean
Cosette, Marius
Cosette, Marius
Cosette, Valjean
Cosette, Valjean
Cosette, Valjean
Cosette, Valjean
Cosette, Toussaint
Cosette, Toussaint
Cosette, Toussaint
Cosette, Valjean
Cosette, Marius
Cosette, Marius
Cosette, Marius
Cosette, Marius
Cosette, Marius
Cosette, Marius
Cosette, Marius
Cosette, Marius
Cosette, Marius
Cosette, Marius
Cosette, Marius
Cosette, Marius
Cosette, Marius
Cosette, Marius
Cosette, Marius
Cosette, Pontmercy
Cosette, Marius
Cosette, Marius
Cosette, Marius
Cosette, Marius
Cosette, Marius
Cosette, Marius
Cosette, Marius
Cosette, Valjean
Cosette, Marius
Cosette, Valjean
Cosette, Marius
Cosette, Marius
Cosette, Valjean
Cosette, Marius
Cosette, Marius
Cosette, Marius
Cosette, Valjean
Cosette, Marius
Cosette, Marius
Cosette, Marius
Cosette, Marius
Cosette, Marius
Cosette, Courfeyrac
Cosette, Marius
Cosette, Marius
Cosette, Marius
Cosette, Marius
Cosette, Eponine
Cosette, Eponine
Cosette, Eponine
Cosette, Marius
Cosette, Marius
Cosette, Marius
Cosette, Marius
Cosette, Marius
Cosette, Marius
Cosette, Marius
Cosette, Marius
Cosette, Marius
Cosette, Marius
Cosette, Marius
Cosette, Marius
Cosette, Marius
Cosette, Mabeuf
Cosette, Marius
Cosette, Marius
Cosette, Eponine
Cosette, Valjean
Cosette, Valjean
Cosette, Toussaint
Cosette, Eponine
Cosette, Fauchelevent
Cosette, Eponine
Cosette, Marius
Cosette, Marius
Cosette, Fauchelevent
Cosette, Fauchelevent
Cosette, Valjean
Cosette, Toussaint
Cosette, Valjean
Cosette, Valjean
Cosette, Valjean
Cosette, Valjean
Cosette, Valjean
Cosette, Valjean
Cosette, Toussaint
Cosette, Marius
Cosette, Toussaint
Cosette, Valjean
Cosette, Valjean
Cosette, Marius
Cosette, Valjean
Cosette, Valjean
Cosette, Marius
Cosette, Marius
Cosette, Valjean
Cosette, Valjean
Cosette, Valjean
Cosette, Valjean
Cosette, Valjean
Cosette, Gavroche
Cosette, Toussaint
Cosette, Valjean
Cosette, Marius
Cosette, Valjean
Cosette, Gavroche
Cosette, Marius
Cosette, Valjean
Cosette, Marius
Cosette, Toussaint
Cosette, Marius
Cosette, Marius
Cosette, Valjean
Cosette, Marius
Cosette, Marius
Cosette, Marius
Cosette, Marius
Cosette, Marius
Cosette, Marius
Cosette, Marius
Cosette, Fauchelevent
Cosette, Marius
Cosette, Marius
Cosette, Marius
Cosette, Marius
Cosette, Marius
Cosette, Marius
Cosette, Valjean
Cosette, Fauchelevent
Cosette, Fauchelevent
Cosette, Fauchelevent
Cosette, Valjean
Cosette, Fauchelevent
Cosette, Fauchelevent
Cosette, Valjean
Cosette, Marius
Cosette, Marius
Cosette, Marius
Cosette, Fauchelevent
Cosette, Marius
Cosette, Fauchelevent
Cosette, Marius
Cosette, Fauchelevent
Cosette, Fauchelevent
Cosette, Valjean
Cosette, Marius
Cosette, Marius
Cosette, Valjean
Cosette, Toussaint
Cosette, Valjean
Cosette, Valjean
Cosette, Marius
Cosette, Marius
Cosette, Toussaint
Cosette, Valjean
Cosette, Marius
Cosette, Valjean
Cosette, Marius
Cosette, Marius
Cosette, Marius
Cosette, Marius
Cosette, Marius
Cosette, Marius
Cosette, Marius
Cosette, Marius
Cosette, Marius
Cosette, Marius
Cosette, Marius
Cosette, Pontmercy
Cosette, Valjean
Cosette, Marius
Cosette, Valjean
Cosette, Valjean
Cosette, Marius
Cosette, Valjean
Cosette, Valjean
Cosette, Marius
Cosette, Marius
Cosette, Marius
Cosette, Marius
Cosette, Marius
Cosette, Marius
Cosette, Marius
Cosette, Marius
Cosette, Marius
Cosette, Valjean
Cosette, Valjean
Cosette, Valjean
Cosette, Marius
Cosette, Marius
Cosette, Valjean
Cosette, Valjean
Cosette, Marius
Cosette, Champmathieu
Cosette, Marius
Cosette, Pontmercy
Cosette, Fauchelevent
Cosette, Pontmercy
Cosette, Valjean
Cosette, Fauchelevent
Cosette, Pontmercy
Cosette, Pontmercy
Cosette, Marius
Cosette, Fauchelevent
Cosette, Marius
Cosette, Valjean
Cosette, Marius
Cosette, Marius
Cosette, Marius
Cosette, Marius
Cosette, Valjean
Cosette, Marius
Cosette, Valjean
Cosette, Marius
Cosette, Valjean
Cosette, Marius
Cosette, Valjean
Cosette, Valjean
Cosette, Valjean
Cosette, Marius
Cosette, Valjean
Cosette, Marius
Cosette, Valjean
Cosette, Marius
Cosette, Marius
Cosette, Marius
Cosette, Valjean
Cosette, Valjean
Cosette, Valjean
Cosette, Marius
Cosette, Toussaint
Cosette, Valjean
Cosette, Marius
Cosette, Marius
Cosette, Valjean
Cosette, Marius
Cosette, Marius
Cosette, Valjean
Cosette, Valjean
Cosette, Valjean
Cosette, Valjean
Cosette, Valjean
Cosette, Marius
Cosette, Marius
Cosette, Marius
Cosette, Marius
Cosette, Marius
Cosette, Marius
Cosette, Valjean
Cosette, Marius
Cosette, Marius
Cosette, Pontmercy
Cosette, Pontmercy
Cosette, Fantine
Cosette, Marius
Cosette, Marius
Cosette, Gavroche
Cosette, Gavroche
Cosette, Marius
Cosette, Valjean
Cosette, Valjean
Cosette, Marius
Cosette, Marius
Cosette, Marius
Cosette, Pontmercy
Cosette, Valjean
Cosette, Marius
Cosette, Valjean
Cosette, Marius
Cosette, Pontmercy
Cosette, Marius
Cosette, Marius
Cosette, Pontmercy
Cosette, Fantine
Cosette, Valjean
Cosette, Marius
Cosette, Marius
Eponine, Cosette
Eponine, Azelma
Eponine, Cosette
Eponine, Azelma
Eponine, Azelma
Eponine, Cosette
Eponine, Azelma
Eponine, Azelma
Eponine, Cosette
Eponine, Azelma
Eponine, Azelma
Eponine, Azelma
Eponine, Cosette
Eponine, Azelma
Eponine, Azelma
Eponine, Azelma
Eponine, Cosette
Eponine, Azelma
Eponine, Azelma
Eponine, Azelma
Eponine, Azelma
Eponine, Montparnasse
Eponine, Javert
Eponine, Azelma
Eponine, Javert
Eponine, Azelma
Eponine, Azelma
Eponine, Magnon
Eponine, Marius
Eponine, Magnon
Eponine, Babet
Eponine, Magnon
Eponine, Marius
Eponine, Cosette
Eponine, Cosette
Eponine, Cosette
Eponine, Babet
Eponine, Claquesous
Eponine, Montparnasse
Eponine, Brujon
Eponine, Montparnasse
Eponine, Montparnasse
Eponine, Marius
Eponine, Montparnasse
Eponine, Montparnasse
Eponine, Marius
Eponine, Marius
Eponine, Marius
Eponine, Marius
Eponine, Cosette
Eponine, Cosette
Eponine, Cosette
Eponine, Fauchelevent
Eponine, Gavroche
Eponine, Mabeuf
Eponine, Gavroche
Eponine, Enjolras
Eponine, Courfeyrac
Eponine, Bossuet
Eponine, Combeferre
Eponine, Grantaire
Eponine, Prouvaire
Mabeuf, Marius
Mabeuf, Marius
Mabeuf, Marius
Mabeuf, Marius
Mabeuf, Marius
Mabeuf, Pontmercy
Mabeuf, Marius
Mabeuf, Courfeyrac
Mabeuf, Marius
Mabeuf, Marius
Mabeuf, Marius
Mabeuf, Marius
Mabeuf, Courfeyrac
Mabeuf, Marius
Mabeuf, Marius
Mabeuf, Marius
Mabeuf, Marius
Mabeuf, Gavroche
Mabeuf, Gavroche
Mabeuf, Gavroche
Mabeuf, Gavroche
Mabeuf, Valjean
Mabeuf, Marius
Mabeuf, Courfeyrac
Mabeuf, Javert
Mabeuf, Javert
Mabeuf, Hucheloup
Mabeuf, Courfeyrac
Mabeuf, Bahorel
Mabeuf, Cosette
Mabeuf, Javert
Mabeuf, Javert
Mabeuf, Enjolras
Mabeuf, Bahorel
Mabeuf, Combeferre
Mabeuf, Prouvaire
Mabeuf, Gavroche
Mabeuf, Enjolras
Mabeuf, Gavroche
Mabeuf, Gavroche
Mabeuf, Eponine
Mabeuf, Gavroche
Combeferre, Enjolras
Combeferre, Courfeyrac
Combeferre, Bahorel
Combeferre, Joly
Combeferre, Feuilly
Combeferre, Grantaire
Combeferre, Prouvaire
Combeferre, Enjolras
Combeferre, Enjolras
Combeferre, Enjolras
Combeferre, Enjolras
Combeferre, Enjolras
Combeferre, Enjolras
Combeferre, Enjolras
Combeferre, Enjolras
Combeferre, Enjolras
Combeferre, Enjolras
Combeferre, Enjolras
Combeferre, Prouvaire
Combeferre, Enjolras
Combeferre, Courfeyrac
Combeferre, Marius
Combeferre, Bahorel
Combeferre, Courfeyrac
Combeferre, Courfeyrac
Combeferre, Bossuet
Combeferre, Bahorel
Combeferre, Grantaire
Combeferre, Prouvaire
Combeferre, Bossuet
Combeferre, Enjolras
Combeferre, Marius
Combeferre, Feuilly
Combeferre, Courfeyrac
Combeferre, Feuilly
Combeferre, Enjolras
Combeferre, Courfeyrac
Combeferre, Feuilly
Combeferre, Gavroche
Combeferre, Enjolras
Combeferre, Courfeyrac
Combeferre, Bahorel
Combeferre, Feuilly
Combeferre, Prouvaire
Combeferre, Enjolras
Combeferre, Bahorel
Combeferre, Prouvaire
Combeferre, Enjolras
Combeferre, Courfeyrac
Combeferre, Gavroche
Combeferre, Enjolras
Combeferre, Courfeyrac
Combeferre, Courfeyrac
Combeferre, Bahorel
Combeferre, Feuilly
Combeferre, Prouvaire
Combeferre, Enjolras
Combeferre, Courfeyrac
Combeferre, Enjolras
Combeferre, Courfeyrac
Combeferre, Enjolras
Combeferre, Courfeyrac
Combeferre, Bossuet
Combeferre, Bahorel
Combeferre, Joly
Combeferre, Feuilly
Combeferre, Prouvaire
Combeferre, Javert
Combeferre, Courfeyrac
Combeferre, Bossuet
Combeferre, Joly
Combeferre, Enjolras
Combeferre, Courfeyrac
Combeferre, Prouvaire
Combeferre, Enjolras
Combeferre, Gavroche
Combeferre, Enjolras
Combeferre, Courfeyrac
Combeferre, Bossuet
Combeferre, Bahorel
Combeferre, Joly
Combeferre, Enjolras
Combeferre, Courfeyrac
Combeferre, Bossuet
Combeferre, Bahorel
Combeferre, Joly
Combeferre, Prouvaire
Combeferre, Enjolras
Combeferre, Courfeyrac
Combeferre, Prouvaire
Combeferre, Enjolras
Combeferre, Enjolras
Combeferre, Enjolras
Combeferre, Hucheloup
Combeferre, Bahorel
Combeferre, Mabeuf
Combeferre, Prouvaire
Combeferre, Prouvaire
Combeferre, Enjolras
Combeferre, Enjolras
Combeferre, Enjolras
Combeferre, Enjolras
Combeferre, Marius
Combeferre, Enjolras
Combeferre, Enjolras
Combeferre, Bossuet
Combeferre, Gavroche
Combeferre, Marius
Combeferre, Gavroche
Combeferre, Marius
Combeferre, Marius
Combeferre, Valjean
Combeferre, Enjolras
Combeferre, Bossuet
Combeferre, Feuilly
Combeferre, Courfeyrac
Combeferre, Bossuet
Combeferre, Feuilly
Combeferre, Marius
Combeferre, Courfeyrac
Combeferre, Bossuet
Combeferre, Joly
Combeferre, Feuilly
Combeferre, Gavroche
Combeferre, Enjolras
Combeferre, Courfeyrac
Combeferre, Bossuet
Combeferre, Eponine
Combeferre, Grantaire
Combeferre, Prouvaire
Feuilly, Enjolras
Feuilly, Courfeyrac
Feuilly, Bahorel
Feuilly, Joly
Feuilly, Combeferre
Feuilly, Grantaire
Feuilly, Prouvaire
Feuilly, Combeferre
Feuilly, Courfeyrac
Feuilly, Bossuet
Feuilly, Bahorel
Feuilly, Joly
Feuilly, Combeferre
Feuilly, Prouvaire
Feuilly, Enjolras
Feuilly, Courfeyrac
Feuilly, Combeferre
Feuilly, Gavroche
Feuilly, Enjolras
Feuilly, Courfeyrac
Feuilly, Bahorel
Feuilly, Combeferre
Feuilly, Prouvaire
Feuilly, Courfeyrac
Feuilly, Bahorel
Feuilly, Bahorel
Feuilly, Gavroche
Feuilly, Enjolras
Feuilly, Courfeyrac
Feuilly, Bahorel
Feuilly, Combeferre
Feuilly, Prouvaire
Feuilly, Enjolras
Feuilly, Hucheloup
Feuilly, Enjolras
Feuilly, Courfeyrac
Feuilly, Bossuet
Feuilly, Bahorel
Feuilly, Joly
Feuilly, Combeferre
Feuilly, Prouvaire
Feuilly, Courfeyrac
Feuilly, Gavroche
Feuilly, Bossuet
Feuilly, Bossuet
Feuilly, Combeferre
Feuilly, Gavroche
Feuilly, Courfeyrac
Feuilly, Bossuet
Feuilly, Courfeyrac
Feuilly, Bossuet
Feuilly, Combeferre
Feuilly, Marius
Feuilly, Courfeyrac
Feuilly, Bossuet
Feuilly, Joly
Feuilly, Combeferre
Myriel, Baptistine
Myriel, Count
Myriel, Napoleon
Grantaire, Hucheloup
Grantaire, Courfeyrac
Grantaire, Bahorel
Grantaire, Joly
Grantaire, Combeferre
Grantaire, Feuilly
Grantaire, Prouvaire
Grantaire, Enjolras
Grantaire, Enjolras
Grantaire, Enjolras
Grantaire, Enjolras
Grantaire, Enjolras
Grantaire, Enjolras
Grantaire, Enjolras
Grantaire, Enjolras
Grantaire, Bossuet
Grantaire, Bahorel
Grantaire, Joly
Grantaire, Courfeyrac
Grantaire, Bossuet
Grantaire, Bahorel
Grantaire, Combeferre
Grantaire, Prouvaire
Grantaire, Courfeyrac
Grantaire, Bossuet
Grantaire, Marius
Grantaire, Courfeyrac
Grantaire, Marius
Grantaire, Marius
Grantaire, Joly
Grantaire, Joly
Grantaire, Enjolras
Grantaire, Enjolras
Grantaire, Enjolras
Grantaire, Bossuet
Grantaire, Joly
Grantaire, Bossuet
Grantaire, Joly
Grantaire, Bossuet
Grantaire, Joly
Grantaire, Joly
Grantaire, Bossuet
Grantaire, Joly
Grantaire, Joly
Grantaire, Bossuet
Grantaire, Joly
Grantaire, Bossuet
Grantaire, Joly
Grantaire, Joly
Grantaire, Hucheloup
Grantaire, Enjolras
Grantaire, Bossuet
Grantaire, Enjolras
Grantaire, Enjolras
Grantaire, Courfeyrac
Grantaire, Bossuet
Grantaire, Eponine
Grantaire, Combeferre
Grantaire, Prouvaire
Gueulemer, Babet
Gueulemer, Claquesous
Gueulemer, Montparnasse
Gueulemer, Babet
Gueulemer, Claquesous
Gueulemer, Montparnasse
Gueulemer, Babet
Gueulemer, Babet
Gueulemer, Babet
Gueulemer, Claquesous
Gueulemer, Montparnasse
Gueulemer, Babet
Babet, Gueulemer
Babet, Claquesous
Babet, Montparnasse
Babet, Gueulemer
Babet, Claquesous
Babet, Montparnasse
Babet, Gueulemer
Babet, Gueulemer
Babet, Claquesous
Babet, Gueulemer
Babet, Claquesous
Babet, Montparnasse
Babet, Gueulemer
Babet, Brujon
Babet, Magnon
Babet, Magnon
Babet, Brujon
Babet, Brujon
Babet, Gavroche
Babet, Montparnasse
Babet, Brujon
Babet, Brujon
Babet, Gavroche
Babet, Montparnasse
Babet, Brujon
Babet, Montparnasse
Babet, Brujon
Babet, Montparnasse
Babet, Brujon
Babet, Eponine
Babet, Gavroche
Babet, Eponine
Babet, Claquesous
Babet, Montparnasse
Babet, Brujon
Babet, Claquesous
Babet, Brujon
Claquesous, Gueulemer
Claquesous, Babet
Claquesous, Montparnasse
Claquesous, Gueulemer
Claquesous, Babet
Claquesous, Montparnasse
Claquesous, Babet
Claquesous, Gueulemer
Claquesous, Babet
Claquesous, Montparnasse
Claquesous, Javert
Claquesous, Eponine
Claquesous, Babet
Claquesous, Montparnasse
Claquesous, Brujon
Claquesous, Babet
Claquesous, Montparnasse
Claquesous, Brujon
Claquesous, Boulatruelle
Tholomyes, Listolier
Tholomyes, Fameuil
Tholomyes, Fantine
Tholomyes, Listolier
Tholomyes, Fameuil
Tholomyes, Dahlia
Tholomyes, Zephine
Tholomyes, Fantine
Tholomyes, Listolier
Tholomyes, Fameuil
Tholomyes, Blachevelle
Tholomyes, Favourite
Tholomyes, Fantine
Tholomyes, Listolier
Tholomyes, Fameuil
Tholomyes, Dahlia
Tholomyes, Zephine
Tholomyes, Blachevelle
Tholomyes, Blachevelle
Tholomyes, Blachevelle
Tholomyes, Fantine
Tholomyes, Blachevelle
Tholomyes, Listolier
Tholomyes, Fameuil
Tholomyes, Favourite
Tholomyes, Dahlia
Tholomyes, Blachevelle
Tholomyes, Favourite
Tholomyes, Dahlia
Tholomyes, Zephine
Tholomyes, Fantine
Tholomyes, Fantine
Tholomyes, Courfeyrac
Tholomyes, Courfeyrac
Tholomyes, Courfeyrac
Tholomyes, Courfeyrac
Tholomyes, Courfeyrac
Prouvaire, Enjolras
Prouvaire, Courfeyrac
Prouvaire, Bahorel
Prouvaire, Joly
Prouvaire, Combeferre
Prouvaire, Feuilly
Prouvaire, Grantaire
Prouvaire, Combeferre
Prouvaire, Enjolras
Prouvaire, Napoleon
Prouvaire, Courfeyrac
Prouvaire, Bossuet
Prouvaire, Bahorel
Prouvaire, Combeferre
Prouvaire, Grantaire
Prouvaire, Courfeyrac
Prouvaire, Bahorel
Prouvaire, Courfeyrac
Prouvaire, Bossuet
Prouvaire, Bahorel
Prouvaire, Joly
Prouvaire, Feuilly
Prouvaire, Enjolras
Prouvaire, Enjolras
Prouvaire, Courfeyrac
Prouvaire, Bahorel
Prouvaire, Combeferre
Prouvaire, Combeferre
Prouvaire, Feuilly
Prouvaire, Courfeyrac
Prouvaire, Bahorel
Prouvaire, Courfeyrac
Prouvaire, Bahorel
Prouvaire, Combeferre
Prouvaire, Feuilly
Prouvaire, Enjolras
Prouvaire, Courfeyrac
Prouvaire, Bossuet
Prouvaire, Bahorel
Prouvaire, Joly
Prouvaire, Combeferre
Prouvaire, Feuilly
Prouvaire, Combeferre
Prouvaire, Enjolras
Prouvaire, Courfeyrac
Prouvaire, Bossuet
Prouvaire, Bahorel
Prouvaire, Joly
Prouvaire, Combeferre
Prouvaire, Enjolras
Prouvaire, Courfeyrac
Prouvaire, Combeferre
Prouvaire, Enjolras
Prouvaire, Enjolras
Prouvaire, Bahorel
Prouvaire, Mabeuf
Prouvaire, Combeferre
Prouvaire, Combeferre
Prouvaire, Gavroche
Prouvaire, Enjolras
Prouvaire, Courfeyrac
Prouvaire, Bossuet
Prouvaire, Eponine
Prouvaire, Combeferre
Prouvaire, Grantaire
Montparnasse, Gueulemer
Montparnasse, Babet
Montparnasse, Claquesous
Montparnasse, Gueulemer
Montparnasse, Babet
Montparnasse, Claquesous
Montparnasse, Gueulemer
Montparnasse, Babet
Montparnasse, Claquesous
Montparnasse, Javert
Montparnasse, Eponine
Montparnasse, Gavroche
Montparnasse, Gavroche
Montparnasse, Gavroche
Montparnasse, Gavroche
Montparnasse, Gavroche
Montparnasse, Gavroche
Montparnasse, Gavroche
Montparnasse, Gavroche
Montparnasse, Gavroche
Montparnasse, Babet
Montparnasse, Gavroche
Montparnasse, Gavroche
Montparnasse, Gavroche
Montparnasse, Gavroche
Montparnasse, Gavroche
Montparnasse, Gavroche
Montparnasse, Gavroche
Montparnasse, Gavroche
Montparnasse, Babet
Montparnasse, Brujon
Montparnasse, Brujon
Montparnasse, Babet
Montparnasse, Brujon
Montparnasse, Gavroche
Montparnasse, Babet
Montparnasse, Brujon
Montparnasse, Brujon
Montparnasse, Eponine
Montparnasse, Babet
Montparnasse, Claquesous
Montparnasse, Brujon
Montparnasse, Claquesous
Montparnasse, Eponine
Montparnasse, Eponine
Montparnasse, Eponine
Montparnasse, Eponine
Listolier, Tholomyes
Listolier, Fameuil
Listolier, Blachevelle
Listolier, Tholomyes
Listolier, Fameuil
Listolier, Blachevelle
Listolier, Favourite
Listolier, Dahlia
Listolier, Zephine
Listolier, Dahlia
Listolier, Tholomyes
Listolier, Fameuil
Listolier, Blachevelle
Listolier, Fantine
Listolier, Fameuil
Listolier, Dahlia
Listolier, Zephine
Listolier, Fantine
Listolier, Tholomyes
Listolier, Fameuil
Listolier, Dahlia
Listolier, Zephine
Listolier, Fameuil
Listolier, Blachevelle
Listolier, Tholomyes
Listolier, Fameuil
Fameuil, Tholomyes
Fameuil, Listolier
Fameuil, Blachevelle
Fameuil, Fantine
Fameuil, Tholomyes
Fameuil, Listolier
Fameuil, Dahlia
Fameuil, Zephine
Fameuil, Zephine
Fameuil, Tholomyes
Fameuil, Listolier
Fameuil, Blachevelle
Fameuil, Fantine
Fameuil, Listolier
Fameuil, Dahlia
Fameuil, Zephine
Fameuil, Fantine
Fameuil, Tholomyes
Fameuil, Listolier
Fameuil, Dahlia
Fameuil, Zephine
Fameuil, Listolier
Fameuil, Blachevelle
Fameuil, Tholomyes
Fameuil, Listolier
Blachevelle, Listolier
Blachevelle, Fameuil
Blachevelle, Favourite
Blachevelle, Listolier
Blachevelle, Favourite
Blachevelle, Dahlia
Blachevelle, Tholomyes
Blachevelle, Listolier
Blachevelle, Fameuil
Blachevelle, Favourite
Blachevelle, Favourite
Blachevelle, Favourite
Blachevelle, Favourite
Blachevelle, Dahlia
Blachevelle, Tholomyes
Blachevelle, Tholomyes
Blachevelle, Tholomyes
Blachevelle, Favourite
Blachevelle, Favourite
Blachevelle, Tholomyes
Blachevelle, Listolier
Blachevelle, Fameuil
Blachevelle, Favourite
Blachevelle, Tholomyes
Blachevelle, Favourite
Favourite, Listolier
Favourite, Blachevelle
Favourite, Blachevelle
Favourite, Dahlia
Favourite, Fantine
Favourite, Dahlia
Favourite, Zephine
Favourite, Dahlia
Favourite, Zephine
Favourite, Dahlia
Favourite, Zephine
Favourite, Fantine
Favourite, Dahlia
Favourite, Zephine
Favourite, Fantine
Favourite, Dahlia
Favourite, Zephine
Favourite, Tholomyes
Favourite, Blachevelle
Favourite, Blachevelle
Favourite, Blachevelle
Favourite, Blachevelle
Favourite, Dahlia
Favourite, Blachevelle
Favourite, Blachevelle
Favourite, Tholomyes
Favourite, Blachevelle
Favourite, Tholomyes
Favourite, Blachevelle
Favourite, Fantine
Favourite, Dahlia
Favourite, Zephine
Dahlia, Tholomyes
Dahlia, Listolier
Dahlia, Fameuil
Dahlia, Blachevelle
Dahlia, Favourite
Dahlia, Zephine
Dahlia, Fantine
Dahlia, Favourite
Dahlia, Zephine
Dahlia, Favourite
Dahlia, Zephine
Dahlia, Favourite
Dahlia, Zephine
Dahlia, Listolier
Dahlia, Fantine
Dahlia, Favourite
Dahlia, Zephine
Dahlia, Fantine
Dahlia, Favourite
Dahlia, Zephine
Dahlia, Zephine
Dahlia, Listolier
Dahlia, Fameuil
Dahlia, Zephine
Dahlia, Fantine
Dahlia, Tholomyes
Dahlia, Listolier
Dahlia, Fameuil
Dahlia, Zephine
Dahlia, Favourite
Dahlia, Blachevelle
Dahlia, Fantine
Dahlia, Tholomyes
Dahlia, Tholomyes
Dahlia, Zephine
Dahlia, Fantine
Dahlia, Favourite
Dahlia, Zephine
Zephine, Fantine
Zephine, Tholomyes
Zephine, Listolier
Zephine, Fameuil
Zephine, Dahlia
Zephine, Fantine
Zephine, Favourite
Zephine, Dahlia
Zephine, Favourite
Zephine, Dahlia
Zephine, Favourite
Zephine, Dahlia
Zephine, Fameuil
Zephine, Fantine
Zephine, Favourite
Zephine, Dahlia
Zephine, Fantine
Zephine, Favourite
Zephine, Dahlia
Zephine, Dahlia
Zephine, Listolier
Zephine, Fameuil
Zephine, Dahlia
Zephine, Fantine
Zephine, Tholomyes
Zephine, Listolier
Zephine, Fameuil
Zephine, Dahlia
Zephine, Tholomyes
Zephine, Dahlia
Zephine, Fantine
Zephine, Favourite
Zephine, Dahlia
Brujon, Babet
Brujon, Magnon
Brujon, Babet
Brujon, Babet
Brujon, Babet
Brujon, Babet
Brujon, Gavroche
Brujon, Babet
Brujon, Montparnasse
Brujon, Montparnasse
Brujon, Babet
Brujon, Montparnasse
Brujon, Babet
Brujon, Montparnasse
Brujon, Montparnasse
Brujon, Eponine
Brujon, Babet
Brujon, Claquesous
Brujon, Montparnasse
Brujon, Babet
Brujon, Claquesous
Hucheloup, Grantaire
Hucheloup, Bossuet
Hucheloup, Enjolras
Hucheloup, Feuilly
Hucheloup, Joly
Hucheloup, Grantaire
Hucheloup, Mabeuf
Hucheloup, Enjolras
Hucheloup, Bossuet
Hucheloup, Combeferre
Hucheloup, Valjean
Hucheloup, Joly
Judge, Marius
Champmathieu, Brevet
Champmathieu, Valjean
Champmathieu, Brevet
Champmathieu, Valjean
Champmathieu, Valjean
Champmathieu, Valjean
Champmathieu, Brevet
Champmathieu, Valjean
Champmathieu, Javert
Champmathieu, Javert
Champmathieu, Javert
Champmathieu, Valjean
Champmathieu, Valjean
Champmathieu, Valjean
Champmathieu, Valjean
Champmathieu, Valjean
Champmathieu, Valjean
Champmathieu, Valjean
Champmathieu, Cosette
Champmathieu, Fauchelevent
Brevet, Champmathieu
Brevet, Valjean
Brevet, Valjean
Brevet, Champmathieu
Brevet, Valjean
Brevet, Valjean
Brevet, Valjean
Brevet, Champmathieu
Brevet, Javert
Brevet, Chenildieu
Brevet, Cochepaille
Brevet, Javert
Brevet, Chenildieu
Brevet, Cochepaille
Brevet, Javert
Brevet, Chenildieu
Brevet, Cochepaille
Brevet, Javert
Brevet, Chenildieu
Brevet, Cochepaille
Brevet, Chenildieu
Brevet, Chenildieu
Brevet, Cochepaille
Brevet, Chenildieu
Brevet, Cochepaille
Chenildieu, Valjean
Chenildieu, Cochepaille
Chenildieu, Javert
Chenildieu, Brevet
Chenildieu, Cochepaille
Chenildieu, Javert
Chenildieu, Brevet
Chenildieu, Cochepaille
Chenildieu, Valjean
Chenildieu, Javert
Chenildieu, Brevet
Chenildieu, Cochepaille
Chenildieu, Javert
Chenildieu, Brevet
Chenildieu, Cochepaille
Chenildieu, Brevet
Chenildieu, Cochepaille
Chenildieu, Brevet
Chenildieu, Cochepaille
Chenildieu, Brevet
Chenildieu, Cochepaille
Cochepaille, Valjean
Cochepaille, Chenildieu
Cochepaille, Javert
Cochepaille, Brevet
Cochepaille, Chenildieu
Cochepaille, Brevet
Cochepaille, Chenildieu
Cochepaille, Javert
Cochepaille, Brevet
Cochepaille, Chenildieu
Cochepaille, Javert
Cochepaille, Brevet
Cochepaille, Chenildieu
Cochepaille, Chenildieu
Cochepaille, Valjean
Cochepaille, Brevet
Cochepaille, Chenildieu
Cochepaille, Brevet
Cochepaille, Chenildieu
Fauchelevent, Javert
Fauchelevent, Valjean
Fauchelevent, Valjean
Fauchelevent, Valjean
Fauchelevent, Valjean
Fauchelevent, Valjean
Fauchelevent, Valjean
Fauchelevent, Cosette
Fauchelevent, Valjean
Fauchelevent, Valjean
Fauchelevent, Cosette
Fauchelevent, Valjean
Fauchelevent, Valjean
Fauchelevent, Valjean
Fauchelevent, Cosette
Fauchelevent, Valjean
Fauchelevent, Valjean
Fauchelevent, Valjean
Fauchelevent, Valjean
Fauchelevent, Valjean
Fauchelevent, Valjean
Fauchelevent, Valjean
Fauchelevent, Gribier
Fauchelevent, Gribier
Fauchelevent, Valjean
Fauchelevent, Valjean
Fauchelevent, Valjean
Fauchelevent, Gribier
Fauchelevent, Valjean
Fauchelevent, Valjean
Fauchelevent, Valjean
Fauchelevent, Cosette
Fauchelevent, Cosette
Fauchelevent, Cosette
Fauchelevent, Valjean
Fauchelevent, Valjean
Fauchelevent, Gribier
Fauchelevent, Valjean
Fauchelevent, Valjean
Fauchelevent, Marius
Fauchelevent, Cosette
Fauchelevent, Eponine
Fauchelevent, Toussaint
Fauchelevent, Cosette
Fauchelevent, Cosette
Fauchelevent, Marius
Fauchelevent, Marius
Fauchelevent, Marius
Fauchelevent, Marius
Fauchelevent, Gavroche
Fauchelevent, Marius
Fauchelevent, Marius
Fauchelevent, Valjean
Fauchelevent, Marius
Fauchelevent, Cosette
Fauchelevent, Marius
Fauchelevent, Cosette
Fauchelevent, Cosette
Fauchelevent, Valjean
Fauchelevent, Cosette
Fauchelevent, Valjean
Fauchelevent, Cosette
Fauchelevent, Cosette
Fauchelevent, Cosette
Fauchelevent, Marius
Fauchelevent, Marius
Fauchelevent, Cosette
Fauchelevent, Cosette
Fauchelevent, Marius
Fauchelevent, Marius
Fauchelevent, Marius
Fauchelevent, Marius
Fauchelevent, Cosette
Fauchelevent, Marius
Fauchelevent, Marius
Fauchelevent, Marius
Fauchelevent, Marius
Fauchelevent, Cosette
Fauchelevent, Marius
Fauchelevent, Valjean
Fauchelevent, Cosette
Fauchelevent, Pontmercy
Fauchelevent, Champmathieu
Fauchelevent, Cosette
Fauchelevent, Toussaint
Fauchelevent, Valjean
Fauchelevent, Valjean
Fauchelevent, Marius
Fauchelevent, Valjean
Fauchelevent, Marius
Fauchelevent, Valjean
Fauchelevent, Toussaint
Fauchelevent, Valjean
Fauchelevent, Marius
Simplice, Scaufflaire
Simplice, Fantine
Simplice, Perpetue
Simplice, Perpetue
Simplice, Fantine
Simplice, Valjean
Simplice, Fantine
Simplice, Perpetue
Simplice, Valjean
Simplice, Javert
Baptistine, Myriel
Baptistine, Magloire
Baptistine, Magloire
Baptistine, Magloire
Baptistine, Magloire
Baptistine, Magloire
Baptistine, Magloire
Baptistine, Magloire
Baptistine, Magloire
Baptistine, Magloire
Baptistine, Magloire
Baptistine, Magloire
Baptistine, Magloire
Magloire, Baptistine
Magloire, Baptistine
Magloire, Baptistine
Magloire, Baptistine
Magloire, Baptistine
Magloire, Baptistine
Magloire, Baptistine
Magloire, Baptistine
Magloire, Baptistine
Magloire, Baptistine
Magloire, Baptistine
Magloire, Baptistine
Pontmercy, Napoleon
Pontmercy, Marius
Pontmercy, Marius
Pontmercy, Marius
Pontmercy, Marius
Pontmercy, Mabeuf
Pontmercy, Marius
Pontmercy, Marius
Pontmercy, Marius
Pontmercy, Marius
Pontmercy, Marius
Pontmercy, Marius
Pontmercy, Marius
Pontmercy, Marius
Pontmercy, Marius
Pontmercy, Marius
Pontmercy, Marius
Pontmercy, Marius
Pontmercy, Marius
Pontmercy, Marius
Pontmercy, Marius
Pontmercy, Marius
Pontmercy, Marius
Pontmercy, Marius
Pontmercy, Marius
Pontmercy, Cosette
Pontmercy, Marius
Pontmercy, Courfeyrac
Pontmercy, Marius
Pontmercy, Marius
Pontmercy, Marius
Pontmercy, Marius
Pontmercy, Marius
Pontmercy, Marius
Pontmercy, Cosette
Pontmercy, Marius
Pontmercy, Marius
Pontmercy, Cosette
Pontmercy, Valjean
Pontmercy, Valjean
Pontmercy, Cosette
Pontmercy, Fauchelevent
Pontmercy, Cosette
Pontmercy, Cosette
Pontmercy, Cosette
Pontmercy, Marius
Pontmercy, Cosette
Pontmercy, Valjean
Pontmercy, Cosette
Pontmercy, Valjean
Pontmercy, Cosette
Pontmercy, Cosette
Azelma, Cosette
Azelma, Eponine
Azelma, Cosette
Azelma, Eponine
Azelma, Eponine
Azelma, Cosette
Azelma, Eponine
Azelma, Eponine
Azelma, Cosette
Azelma, Eponine
Azelma, Eponine
Azelma, Eponine
Azelma, Cosette
Azelma, Eponine
Azelma, Eponine
Azelma, Eponine
Azelma, Cosette
Azelma, Eponine
Azelma, Eponine
Azelma, Eponine
Azelma, Eponine
Azelma, Javert
Azelma, Eponine
Azelma, Eponine
Azelma, Eponine
Azelma, Magnon
Azelma, Marius
Toussaint, Cosette
Toussaint, Gavroche
Toussaint, Cosette
Toussaint, Valjean
Toussaint, Valjean
Toussaint, Cosette
Toussaint, Valjean
Toussaint, Valjean
Toussaint, Cosette
Toussaint, Valjean
Toussaint, Cosette
Toussaint, Cosette
Toussaint, Cosette
Toussaint, Cosette
Toussaint, Cosette
Toussaint, Cosette
Toussaint, Cosette
Toussaint, Cosette
Toussaint, Valjean
Toussaint, Cosette
Toussaint, Marius
Toussaint, Fauchelevent
Toussaint, Valjean
Toussaint, Cosette
Toussaint, Valjean
Toussaint, Valjean
Toussaint, Cosette
Toussaint, Valjean
Toussaint, Cosette
Toussaint, Valjean
Toussaint, Cosette
Toussaint, Cosette
Toussaint, Valjean
Toussaint, Valjean
Toussaint, Cosette
Toussaint, Cosette
Toussaint, Valjean
Toussaint, Valjean
Toussaint, Valjean
Toussaint, Fauchelevent
Toussaint, Valjean
Toussaint, Valjean
Toussaint, Fauchelevent
Toussaint, Cosette
Toussaint, Valjean
Marguerite, Fantine
Marguerite, Fantine
Marguerite, Fantine
Marguerite, Fantine
Marguerite, Fantine
Perpetue, Simplice
Perpetue, Simplice
Perpetue, Fantine
Perpetue, Simplice
Burgon, Courfeyrac
Magnon, Eponine
Magnon, Babet
Magnon, Brujon
Magnon, Azelma
Magnon, Babet
Magnon, Eponine
Magnon, Eponine
Napoleon, Gavroche
Napoleon, Myriel
Napoleon, Cosette
Napoleon, Gribier
Napoleon, Gribier
Napoleon, Pontmercy
Napoleon, Marius
Napoleon, Enjolras
Napoleon, Prouvaire
Napoleon, Javert
Count, Myriel
Gervais, Valjean
Gervais, Valjean
Scaufflaire, Simplice
Boulatruelle, Cosette
Boulatruelle, Valjean
Boulatruelle, Valjean
Boulatruelle, Claquesous
Gribier, Napoleon
Gribier, Napoleon
Gribier, Fauchelevent
Gribier, Fauchelevent
Gribier, Fauchelevent
Gribier, Valjean
Gribier, Fauchelevent
Fabantou, Leblanc
Fabantou, Leblanc
Leblanc, Marius
Leblanc, Marius
Leblanc, Marius
Leblanc, Marius
Leblanc, Marius
Leblanc, Marius
Leblanc, Marius
Leblanc, Fabantou
Leblanc, Fabantou
Leblanc, Marius
Leblanc, Marius
Leblanc, Marius
Leblanc, Marius
Leblanc, Marius
Leblanc, Marius
Leblanc, Marius
Leblanc, Marius
Leblanc, Marius
Leblanc, Courfeyrac
Jondrette, Marius
Jondrette, Marius
Jondrette, Fabantou
Jondrette, Marius
Jondrette, Marius
Jondrette, Leblanc
Jondrette, Leblanc
Jondrette, Fabantou
Jondrette, Marius
Jondrette, Leblanc
Jondrette, Marius
Jondrette, Leblanc
Jondrette, Marius
Jondrette, Leblanc
Jondrette, Marius
Jondrette, Marius
Jondrette, Leblanc
Jondrette, Leblanc
Jondrette, Leblanc
Jondrette, Leblanc
Jondrette, Marius
Jondrette, Marius
Jondrette, Marius
Jondrette, Marius
Jondrette, Marius
Jondrette, Marius
Jondrette, Marius
Jondrette, Marius
Jondrette, Marius
Jondrette, Marius
Jondrette, Marius
Jondrette, Leblanc
Jondrette, Marius
Jondrette, Marius
Jondrette, Marius
Jondrette, Marius
Jondrette, Marius
Jondrette, Leblanc
Jondrette, Leblanc
Jondrette, Marius
Jondrette, Leblanc
Jondrette, Leblanc
Jondrette, Fabantou
Jondrette, Leblanc
Jondrette, Fabantou
Jondrette, Leblanc
Jondrette, Fabantou
Jondrette, Marius
Jondrette, Leblanc
Jondrette, Leblanc
Jondrette, Marius
Jondrette, Leblanc
Jondrette, Leblanc
Jondrette, Leblanc
Jondrette, Leblanc
Jondrette, Leblanc
Jondrette, Leblanc
Jondrette, Marius
Jondrette, Leblanc
Jondrette, Leblanc
Jondrette, Leblanc
Jondrette, Leblanc
Jondrette, Fabantou
Jondrette, Marius
Jondrette, Marius
Jondrette, Marius
Jondrette, Marius
Jondrette, Leblanc
Jondrette, Cosette
Jondrette, Gavroche
Jondrette, Valjean
Jondrette, Javert
Jondrette, Fabantou
